,ssdn_lo,ssdn_hi,ssdn_detection_lo,ssdn_detection_hi,ssdn_notification_lo,ssdn_notification_hi,ssdn_computation_lo,ssdn_computation_hi,ssdn_transference_lo,ssdn_transference_hi,ssdn_installation_lo,ssdn_installation_hi,ssdn_update_lo,ssdn_update_hi,pcsdn_lo,pcsdn_hi,pcsdn_detection_lo,pcsdn_detection_hi,pcsdn_notification_lo,pcsdn_notification_hi,pcsdn_computation_lo,pcsdn_computation_hi,pcsdn_transference_lo,pcsdn_transference_hi,pcsdn_installation_lo,pcsdn_installation_hi,pcsdn_update_lo,pcsdn_update_hi,felix_lo,felix_hi,felix_detection_lo,felix_detection_hi,felix_coordination_lo,felix_coordination_hi
1,149934000,149984000,1000000,1000000,100000,150000,145584000,145584000,150000,150000,3100000,3100000,3250000,3250000,4350000,4400000,1000000,1000000,100000,150000,0,0,150000,150000,3100000,3100000,3250000,3250000,1000010,1250030,1000000,1000000,10,250030
31,149984000,150034000,1000000,1000000,150000,200000,145584000,145584000,150000,150000,3100000,3100000,3250000,3250000,4400000,4450000,1000000,1000000,150000,200000,0,0,150000,150000,3100000,3100000,3250000,3250000,1000010,1250030,1000000,1000000,10,250030
61,149784000,149884000,1000000,1000000,200000,300000,145584000,145584000,200000,200000,2800000,2800000,3000000,3000000,4200000,4300000,1000000,1000000,200000,300000,0,0,200000,200000,2800000,2800000,3000000,3000000,1000010,1100010,1000000,1000000,10,100010
91,149784000,149884000,1000000,1000000,200000,300000,145584000,145584000,200000,200000,2800000,2800000,3000000,3000000,4200000,4300000,1000000,1000000,200000,300000,0,0,200000,200000,2800000,2800000,3000000,3000000,1000010,1100010,1000000,1000000,10,100010
121,149984000,150034000,1000000,1000000,150000,200000,145584000,145584000,150000,150000,3100000,3100000,3250000,3250000,4400000,4450000,1000000,1000000,150000,200000,0,0,150000,150000,3100000,3100000,3250000,3250000,1000010,1250030,1000000,1000000,10,250030
151,149984000,150034000,1000000,1000000,150000,200000,145584000,145584000,150000,150000,3100000,3100000,3250000,3250000,4400000,4450000,1000000,1000000,150000,200000,0,0,150000,150000,3100000,3100000,3250000,3250000,1000010,1250030,1000000,1000000,10,250030
181,149784000,149884000,1000000,1000000,200000,300000,145584000,145584000,200000,200000,2800000,2800000,3000000,3000000,4200000,4300000,1000000,1000000,200000,300000,0,0,200000,200000,2800000,2800000,3000000,3000000,1000010,1100010,1000000,1000000,10,100010
211,149784000,149884000,1000000,1000000,200000,300000,145584000,145584000,200000,200000,2800000,2800000,3000000,3000000,4200000,4300000,1000000,1000000,200000,300000,0,0,200000,200000,2800000,2800000,3000000,3000000,1000010,1100010,1000000,1000000,10,100010
241,149984000,150034000,1000000,1000000,150000,200000,145584000,145584000,150000,150000,3100000,3100000,3250000,3250000,4400000,4450000,1000000,1000000,150000,200000,0,0,150000,150000,3100000,3100000,3250000,3250000,1000010,1250030,1000000,1000000,10,250030
271,146684000,583536000,1000000,1000000,100000,200000,145584000,582336000,0,0,0,0,0,0,1100000,1200000,1000000,1000000,100000,200000,0,0,0,0,0,0,0,0,1000010,1000000,1000000,1000000,10,0
301,149984000,1169222000,1000000,1000000,150000,300000,145584000,1164672000,150000,150000,3100000,3100000,3250000,3250000,4400000,4550000,1000000,1000000,150000,300000,0,0,150000,150000,3100000,3100000,3250000,3250000,1000010,1150020,1000000,1000000,10,150020
331,149784000,1168972000,1000000,1000000,200000,300000,145584000,1164672000,200000,200000,2800000,2800000,3000000,3000000,4200000,4300000,1000000,1000000,200000,300000,0,0,200000,200000,2800000,2800000,3000000,3000000,1000010,1000000,1000000,1000000,10,0
2,149984000,150034000,1000000,1000000,150000,200000,145584000,145584000,150000,150000,3100000,3100000,3250000,3250000,4400000,4450000,1000000,1000000,150000,200000,0,0,150000,150000,3100000,3100000,3250000,3250000,1000010,1250030,1000000,1000000,10,250030
32,149984000,150034000,1000000,1000000,150000,200000,145584000,145584000,150000,150000,3100000,3100000,3250000,3250000,4400000,4450000,1000000,1000000,150000,200000,0,0,150000,150000,3100000,3100000,3250000,3250000,1000010,1250030,1000000,1000000,10,250030
62,149984000,150034000,1000000,1000000,150000,200000,145584000,145584000,150000,150000,3100000,3100000,3250000,3250000,4400000,4450000,1000000,1000000,150000,200000,0,0,150000,150000,3100000,3100000,3250000,3250000,1000010,1250030,1000000,1000000,10,250030
92,149784000,149884000,1000000,1000000,200000,300000,145584000,145584000,200000,200000,2800000,2800000,3000000,3000000,4200000,4300000,1000000,1000000,200000,300000,0,0,200000,200000,2800000,2800000,3000000,3000000,1000010,1100010,1000000,1000000,10,100010
122,149784000,149884000,1000000,1000000,200000,300000,145584000,145584000,200000,200000,2800000,2800000,3000000,3000000,4200000,4300000,1000000,1000000,200000,300000,0,0,200000,200000,2800000,2800000,3000000,3000000,1000010,1100010,1000000,1000000,10,100010
152,149984000,150034000,1000000,1000000,150000,200000,145584000,145584000,150000,150000,3100000,3100000,3250000,3250000,4400000,4450000,1000000,1000000,150000,200000,0,0,150000,150000,3100000,3100000,3250000,3250000,1000010,1250030,1000000,1000000,10,250030
182,149784000,149884000,1000000,1000000,200000,300000,145584000,145584000,200000,200000,2800000,2800000,3000000,3000000,4200000,4300000,1000000,1000000,200000,300000,0,0,200000,200000,2800000,2800000,3000000,3000000,1000010,1100010,1000000,1000000,10,100010
212,149784000,149884000,1000000,1000000,200000,300000,145584000,145584000,200000,200000,2800000,2800000,3000000,3000000,4200000,4300000,1000000,1000000,200000,300000,0,0,200000,200000,2800000,2800000,3000000,3000000,1000010,1100010,1000000,1000000,10,100010
242,149984000,150034000,1000000,1000000,150000,200000,145584000,145584000,150000,150000,3100000,3100000,3250000,3250000,4400000,4450000,1000000,1000000,150000,200000,0,0,150000,150000,3100000,3100000,3250000,3250000,1000010,1250030,1000000,1000000,10,250030
272,146684000,583536000,1000000,1000000,100000,200000,145584000,582336000,0,0,0,0,0,0,1100000,1200000,1000000,1000000,100000,200000,0,0,0,0,0,0,0,0,1000010,1000000,1000000,1000000,10,0
302,146684000,583536000,1000000,1000000,100000,200000,145584000,582336000,0,0,0,0,0,0,1100000,1200000,1000000,1000000,100000,200000,0,0,0,0,0,0,0,0,1000010,1000000,1000000,1000000,10,0
332,149784000,1168972000,1000000,1000000,200000,300000,145584000,1164672000,200000,200000,2800000,2800000,3000000,3000000,4200000,4300000,1000000,1000000,200000,300000,0,0,200000,200000,2800000,2800000,3000000,3000000,1000010,1000000,1000000,1000000,10,0
3,149984000,150034000,1000000,1000000,150000,200000,145584000,145584000,150000,150000,3100000,3100000,3250000,3250000,4400000,4450000,1000000,1000000,150000,200000,0,0,150000,150000,3100000,3100000,3250000,3250000,1000010,1250030,1000000,1000000,10,250030
33,149934000,149984000,1000000,1000000,100000,150000,145584000,145584000,150000,150000,3100000,3100000,3250000,3250000,4350000,4400000,1000000,1000000,100000,150000,0,0,150000,150000,3100000,3100000,3250000,3250000,1000010,1250030,1000000,1000000,10,250030
63,149984000,150034000,1000000,1000000,150000,200000,145584000,145584000,150000,150000,3100000,3100000,3250000,3250000,4400000,4450000,1000000,1000000,150000,200000,0,0,150000,150000,3100000,3100000,3250000,3250000,1000010,1250030,1000000,1000000,10,250030
93,149784000,149884000,1000000,1000000,200000,300000,145584000,145584000,200000,200000,2800000,2800000,3000000,3000000,4200000,4300000,1000000,1000000,200000,300000,0,0,200000,200000,2800000,2800000,3000000,3000000,1000010,1100010,1000000,1000000,10,100010
123,149784000,149884000,1000000,1000000,200000,300000,145584000,145584000,200000,200000,2800000,2800000,3000000,3000000,4200000,4300000,1000000,1000000,200000,300000,0,0,200000,200000,2800000,2800000,3000000,3000000,1000010,1100010,1000000,1000000,10,100010
153,149984000,150034000,1000000,1000000,150000,200000,145584000,145584000,150000,150000,3100000,3100000,3250000,3250000,4400000,4450000,1000000,1000000,150000,200000,0,0,150000,150000,3100000,3100000,3250000,3250000,1000010,1250030,1000000,1000000,10,250030
183,149984000,150034000,1000000,1000000,150000,200000,145584000,145584000,150000,150000,3100000,3100000,3250000,3250000,4400000,4450000,1000000,1000000,150000,200000,0,0,150000,150000,3100000,3100000,3250000,3250000,1000010,1250030,1000000,1000000,10,250030
213,149784000,149884000,1000000,1000000,200000,300000,145584000,145584000,200000,200000,2800000,2800000,3000000,3000000,4200000,4300000,1000000,1000000,200000,300000,0,0,200000,200000,2800000,2800000,3000000,3000000,1000010,1100010,1000000,1000000,10,100010
243,149784000,149884000,1000000,1000000,200000,300000,145584000,145584000,200000,200000,2800000,2800000,3000000,3000000,4200000,4300000,1000000,1000000,200000,300000,0,0,200000,200000,2800000,2800000,3000000,3000000,1000010,1100010,1000000,1000000,10,100010
273,146684000,583536000,1000000,1000000,100000,200000,145584000,582336000,0,0,0,0,0,0,1100000,1200000,1000000,1000000,100000,200000,0,0,0,0,0,0,0,0,1000010,1000000,1000000,1000000,10,0
303,146684000,583536000,1000000,1000000,100000,200000,145584000,582336000,0,0,0,0,0,0,1100000,1200000,1000000,1000000,100000,200000,0,0,0,0,0,0,0,0,1000010,1000000,1000000,1000000,10,0
333,149784000,1168972000,1000000,1000000,200000,300000,145584000,1164672000,200000,200000,2800000,2800000,3000000,3000000,4200000,4300000,1000000,1000000,200000,300000,0,0,200000,200000,2800000,2800000,3000000,3000000,1000010,1000000,1000000,1000000,10,0
4,149984000,150034000,1000000,1000000,150000,200000,145584000,145584000,150000,150000,3100000,3100000,3250000,3250000,4400000,4450000,1000000,1000000,150000,200000,0,0,150000,150000,3100000,3100000,3250000,3250000,1000010,1250030,1000000,1000000,10,250030
34,149984000,150034000,1000000,1000000,150000,200000,145584000,145584000,150000,150000,3100000,3100000,3250000,3250000,4400000,4450000,1000000,1000000,150000,200000,0,0,150000,150000,3100000,3100000,3250000,3250000,1000010,1250030,1000000,1000000,10,250030
64,149984000,150034000,1000000,1000000,150000,200000,145584000,145584000,150000,150000,3100000,3100000,3250000,3250000,4400000,4450000,1000000,1000000,150000,200000,0,0,150000,150000,3100000,3100000,3250000,3250000,1000010,1250030,1000000,1000000,10,250030
94,149984000,150034000,1000000,1000000,150000,200000,145584000,145584000,150000,150000,3100000,3100000,3250000,3250000,4400000,4450000,1000000,1000000,150000,200000,0,0,150000,150000,3100000,3100000,3250000,3250000,1000010,1250030,1000000,1000000,10,250030
124,149784000,149884000,1000000,1000000,200000,300000,145584000,145584000,200000,200000,2800000,2800000,3000000,3000000,4200000,4300000,1000000,1000000,200000,300000,0,0,200000,200000,2800000,2800000,3000000,3000000,1000010,1100010,1000000,1000000,10,100010
154,149784000,149884000,1000000,1000000,200000,300000,145584000,145584000,200000,200000,2800000,2800000,3000000,3000000,4200000,4300000,1000000,1000000,200000,300000,0,0,200000,200000,2800000,2800000,3000000,3000000,1000010,1100010,1000000,1000000,10,100010
184,149984000,150034000,1000000,1000000,150000,200000,145584000,145584000,150000,150000,3100000,3100000,3250000,3250000,4400000,4450000,1000000,1000000,150000,200000,0,0,150000,150000,3100000,3100000,3250000,3250000,1000010,1250030,1000000,1000000,10,250030
214,149784000,149884000,1000000,1000000,200000,300000,145584000,145584000,200000,200000,2800000,2800000,3000000,3000000,4200000,4300000,1000000,1000000,200000,300000,0,0,200000,200000,2800000,2800000,3000000,3000000,1000010,1100010,1000000,1000000,10,100010
244,149784000,149884000,1000000,1000000,200000,300000,145584000,145584000,200000,200000,2800000,2800000,3000000,3000000,4200000,4300000,1000000,1000000,200000,300000,0,0,200000,200000,2800000,2800000,3000000,3000000,1000010,1100010,1000000,1000000,10,100010
274,149834000,1169122000,1000000,1000000,0,200000,145584000,1164672000,150000,150000,3100000,3100000,3250000,3250000,4250000,4450000,1000000,1000000,0,200000,0,0,150000,150000,3100000,3100000,3250000,3250000,1000010,1150020,1000000,1000000,10,150020
304,146684000,583536000,1000000,1000000,100000,200000,145584000,582336000,0,0,0,0,0,0,1100000,1200000,1000000,1000000,100000,200000,0,0,0,0,0,0,0,0,1000010,1000000,1000000,1000000,10,0
334,149784000,1168972000,1000000,1000000,200000,300000,145584000,1164672000,200000,200000,2800000,2800000,3000000,3000000,4200000,4300000,1000000,1000000,200000,300000,0,0,200000,200000,2800000,2800000,3000000,3000000,1000010,1000000,1000000,1000000,10,0
5,149484000,149584000,1000000,1000000,0,100000,145584000,145584000,100000,100000,2800000,2800000,2900000,2900000,3900000,4000000,1000000,1000000,0,100000,0,0,100000,100000,2800000,2800000,2900000,2900000,1000010,1100010,1000000,1000000,10,100010
35,149984000,150034000,1000000,1000000,150000,200000,145584000,145584000,150000,150000,3100000,3100000,3250000,3250000,4400000,4450000,1000000,1000000,150000,200000,0,0,150000,150000,3100000,3100000,3250000,3250000,1000010,1250030,1000000,1000000,10,250030
65,149934000,149984000,1000000,1000000,100000,150000,145584000,145584000,150000,150000,3100000,3100000,3250000,3250000,4350000,4400000,1000000,1000000,100000,150000,0,0,150000,150000,3100000,3100000,3250000,3250000,1000010,1250030,1000000,1000000,10,250030
95,149984000,150034000,1000000,1000000,150000,200000,145584000,145584000,150000,150000,3100000,3100000,3250000,3250000,4400000,4450000,1000000,1000000,150000,200000,0,0,150000,150000,3100000,3100000,3250000,3250000,1000010,1250030,1000000,1000000,10,250030
125,149784000,149884000,1000000,1000000,200000,300000,145584000,145584000,200000,200000,2800000,2800000,3000000,3000000,4200000,4300000,1000000,1000000,200000,300000,0,0,200000,200000,2800000,2800000,3000000,3000000,1000010,1100010,1000000,1000000,10,100010
155,149784000,149884000,1000000,1000000,200000,300000,145584000,145584000,200000,200000,2800000,2800000,3000000,3000000,4200000,4300000,1000000,1000000,200000,300000,0,0,200000,200000,2800000,2800000,3000000,3000000,1000010,1100010,1000000,1000000,10,100010
185,149984000,150034000,1000000,1000000,150000,200000,145584000,145584000,150000,150000,3100000,3100000,3250000,3250000,4400000,4450000,1000000,1000000,150000,200000,0,0,150000,150000,3100000,3100000,3250000,3250000,1000010,1250030,1000000,1000000,10,250030
215,149984000,150034000,1000000,1000000,150000,200000,145584000,145584000,150000,150000,3100000,3100000,3250000,3250000,4400000,4450000,1000000,1000000,150000,200000,0,0,150000,150000,3100000,3100000,3250000,3250000,1000010,1250030,1000000,1000000,10,250030
245,149784000,149884000,1000000,1000000,200000,300000,145584000,145584000,200000,200000,2800000,2800000,3000000,3000000,4200000,4300000,1000000,1000000,200000,300000,0,0,200000,200000,2800000,2800000,3000000,3000000,1000010,1100010,1000000,1000000,10,100010
275,149984000,1169222000,1000000,1000000,150000,300000,145584000,1164672000,150000,150000,3100000,3100000,3250000,3250000,4400000,4550000,1000000,1000000,150000,300000,0,0,150000,150000,3100000,3100000,3250000,3250000,1000010,1150020,1000000,1000000,10,150020
305,146684000,583536000,1000000,1000000,100000,200000,145584000,582336000,0,0,0,0,0,0,1100000,1200000,1000000,1000000,100000,200000,0,0,0,0,0,0,0,0,1000010,1000000,1000000,1000000,10,0
335,149784000,1168972000,1000000,1000000,200000,300000,145584000,1164672000,200000,200000,2800000,2800000,3000000,3000000,4200000,4300000,1000000,1000000,200000,300000,0,0,200000,200000,2800000,2800000,3000000,3000000,1000010,1000000,1000000,1000000,10,0
6,149584000,149684000,1000000,1000000,100000,200000,145584000,145584000,100000,100000,2800000,2800000,2900000,2900000,4000000,4100000,1000000,1000000,100000,200000,0,0,100000,100000,2800000,2800000,2900000,2900000,1000010,1100010,1000000,1000000,10,100010
36,149984000,150034000,1000000,1000000,150000,200000,145584000,145584000,150000,150000,3100000,3100000,3250000,3250000,4400000,4450000,1000000,1000000,150000,200000,0,0,150000,150000,3100000,3100000,3250000,3250000,1000010,1250030,1000000,1000000,10,250030
66,149984000,150034000,1000000,1000000,150000,200000,145584000,145584000,150000,150000,3100000,3100000,3250000,3250000,4400000,4450000,1000000,1000000,150000,200000,0,0,150000,150000,3100000,3100000,3250000,3250000,1000010,1250030,1000000,1000000,10,250030
96,149984000,150034000,1000000,1000000,150000,200000,145584000,145584000,150000,150000,3100000,3100000,3250000,3250000,4400000,4450000,1000000,1000000,150000,200000,0,0,150000,150000,3100000,3100000,3250000,3250000,1000010,1250030,1000000,1000000,10,250030
126,149984000,150034000,1000000,1000000,150000,200000,145584000,145584000,150000,150000,3100000,3100000,3250000,3250000,4400000,4450000,1000000,1000000,150000,200000,0,0,150000,150000,3100000,3100000,3250000,3250000,1000010,1250030,1000000,1000000,10,250030
156,149784000,149884000,1000000,1000000,200000,300000,145584000,145584000,200000,200000,2800000,2800000,3000000,3000000,4200000,4300000,1000000,1000000,200000,300000,0,0,200000,200000,2800000,2800000,3000000,3000000,1000010,1100010,1000000,1000000,10,100010
186,149784000,149884000,1000000,1000000,200000,300000,145584000,145584000,200000,200000,2800000,2800000,3000000,3000000,4200000,4300000,1000000,1000000,200000,300000,0,0,200000,200000,2800000,2800000,3000000,3000000,1000010,1100010,1000000,1000000,10,100010
216,149984000,150034000,1000000,1000000,150000,200000,145584000,145584000,150000,150000,3100000,3100000,3250000,3250000,4400000,4450000,1000000,1000000,150000,200000,0,0,150000,150000,3100000,3100000,3250000,3250000,1000010,1250030,1000000,1000000,10,250030
246,149784000,149884000,1000000,1000000,200000,300000,145584000,145584000,200000,200000,2800000,2800000,3000000,3000000,4200000,4300000,1000000,1000000,200000,300000,0,0,200000,200000,2800000,2800000,3000000,3000000,1000010,1100010,1000000,1000000,10,100010
276,149984000,1169222000,1000000,1000000,150000,300000,145584000,1164672000,150000,150000,3100000,3100000,3250000,3250000,4400000,4550000,1000000,1000000,150000,300000,0,0,150000,150000,3100000,3100000,3250000,3250000,1000010,1150020,1000000,1000000,10,150020
306,149834000,1169122000,1000000,1000000,0,200000,145584000,1164672000,150000,150000,3100000,3100000,3250000,3250000,4250000,4450000,1000000,1000000,0,200000,0,0,150000,150000,3100000,3100000,3250000,3250000,1000010,1150020,1000000,1000000,10,150020
336,149784000,1168972000,1000000,1000000,200000,300000,145584000,1164672000,200000,200000,2800000,2800000,3000000,3000000,4200000,4300000,1000000,1000000,200000,300000,0,0,200000,200000,2800000,2800000,3000000,3000000,1000010,1000000,1000000,1000000,10,0
7,149584000,149684000,1000000,1000000,100000,200000,145584000,145584000,100000,100000,2800000,2800000,2900000,2900000,4000000,4100000,1000000,1000000,100000,200000,0,0,100000,100000,2800000,2800000,2900000,2900000,1000010,1100010,1000000,1000000,10,100010
37,149484000,149584000,1000000,1000000,0,100000,145584000,145584000,100000,100000,2800000,2800000,2900000,2900000,3900000,4000000,1000000,1000000,0,100000,0,0,100000,100000,2800000,2800000,2900000,2900000,1000010,1100010,1000000,1000000,10,100010
67,149984000,150034000,1000000,1000000,150000,200000,145584000,145584000,150000,150000,3100000,3100000,3250000,3250000,4400000,4450000,1000000,1000000,150000,200000,0,0,150000,150000,3100000,3100000,3250000,3250000,1000010,1250030,1000000,1000000,10,250030
97,149934000,149984000,1000000,1000000,100000,150000,145584000,145584000,150000,150000,3100000,3100000,3250000,3250000,4350000,4400000,1000000,1000000,100000,150000,0,0,150000,150000,3100000,3100000,3250000,3250000,1000010,1250030,1000000,1000000,10,250030
127,149984000,150034000,1000000,1000000,150000,200000,145584000,145584000,150000,150000,3100000,3100000,3250000,3250000,4400000,4450000,1000000,1000000,150000,200000,0,0,150000,150000,3100000,3100000,3250000,3250000,1000010,1250030,1000000,1000000,10,250030
157,149784000,149884000,1000000,1000000,200000,300000,145584000,145584000,200000,200000,2800000,2800000,3000000,3000000,4200000,4300000,1000000,1000000,200000,300000,0,0,200000,200000,2800000,2800000,3000000,3000000,1000010,1100010,1000000,1000000,10,100010
187,149784000,149884000,1000000,1000000,200000,300000,145584000,145584000,200000,200000,2800000,2800000,3000000,3000000,4200000,4300000,1000000,1000000,200000,300000,0,0,200000,200000,2800000,2800000,3000000,3000000,1000010,1100010,1000000,1000000,10,100010
217,149984000,150034000,1000000,1000000,150000,200000,145584000,145584000,150000,150000,3100000,3100000,3250000,3250000,4400000,4450000,1000000,1000000,150000,200000,0,0,150000,150000,3100000,3100000,3250000,3250000,1000010,1250030,1000000,1000000,10,250030
247,149984000,150034000,1000000,1000000,150000,200000,145584000,145584000,150000,150000,3100000,3100000,3250000,3250000,4400000,4450000,1000000,1000000,150000,200000,0,0,150000,150000,3100000,3100000,3250000,3250000,1000010,1250030,1000000,1000000,10,250030
277,149984000,1169222000,1000000,1000000,150000,300000,145584000,1164672000,150000,150000,3100000,3100000,3250000,3250000,4400000,4550000,1000000,1000000,150000,300000,0,0,150000,150000,3100000,3100000,3250000,3250000,1000010,1150020,1000000,1000000,10,150020
307,149984000,1169222000,1000000,1000000,150000,300000,145584000,1164672000,150000,150000,3100000,3100000,3250000,3250000,4400000,4550000,1000000,1000000,150000,300000,0,0,150000,150000,3100000,3100000,3250000,3250000,1000010,1150020,1000000,1000000,10,150020
8,149584000,149684000,1000000,1000000,100000,200000,145584000,145584000,100000,100000,2800000,2800000,2900000,2900000,4000000,4100000,1000000,1000000,100000,200000,0,0,100000,100000,2800000,2800000,2900000,2900000,1000010,1100010,1000000,1000000,10,100010
38,149584000,149684000,1000000,1000000,100000,200000,145584000,145584000,100000,100000,2800000,2800000,2900000,2900000,4000000,4100000,1000000,1000000,100000,200000,0,0,100000,100000,2800000,2800000,2900000,2900000,1000010,1100010,1000000,1000000,10,100010
68,149984000,150034000,1000000,1000000,150000,200000,145584000,145584000,150000,150000,3100000,3100000,3250000,3250000,4400000,4450000,1000000,1000000,150000,200000,0,0,150000,150000,3100000,3100000,3250000,3250000,1000010,1250030,1000000,1000000,10,250030
98,149984000,150034000,1000000,1000000,150000,200000,145584000,145584000,150000,150000,3100000,3100000,3250000,3250000,4400000,4450000,1000000,1000000,150000,200000,0,0,150000,150000,3100000,3100000,3250000,3250000,1000010,1250030,1000000,1000000,10,250030
128,149984000,150034000,1000000,1000000,150000,200000,145584000,145584000,150000,150000,3100000,3100000,3250000,3250000,4400000,4450000,1000000,1000000,150000,200000,0,0,150000,150000,3100000,3100000,3250000,3250000,1000010,1250030,1000000,1000000,10,250030
158,149984000,150034000,1000000,1000000,150000,200000,145584000,145584000,150000,150000,3100000,3100000,3250000,3250000,4400000,4450000,1000000,1000000,150000,200000,0,0,150000,150000,3100000,3100000,3250000,3250000,1000010,1250030,1000000,1000000,10,250030
188,149784000,149884000,1000000,1000000,200000,300000,145584000,145584000,200000,200000,2800000,2800000,3000000,3000000,4200000,4300000,1000000,1000000,200000,300000,0,0,200000,200000,2800000,2800000,3000000,3000000,1000010,1100010,1000000,1000000,10,100010
218,149784000,149884000,1000000,1000000,200000,300000,145584000,145584000,200000,200000,2800000,2800000,3000000,3000000,4200000,4300000,1000000,1000000,200000,300000,0,0,200000,200000,2800000,2800000,3000000,3000000,1000010,1100010,1000000,1000000,10,100010
248,149984000,150034000,1000000,1000000,150000,200000,145584000,145584000,150000,150000,3100000,3100000,3250000,3250000,4400000,4450000,1000000,1000000,150000,200000,0,0,150000,150000,3100000,3100000,3250000,3250000,1000010,1250030,1000000,1000000,10,250030
278,146684000,583536000,1000000,1000000,100000,200000,145584000,582336000,0,0,0,0,0,0,1100000,1200000,1000000,1000000,100000,200000,0,0,0,0,0,0,0,0,1000010,1000000,1000000,1000000,10,0
308,149984000,1169222000,1000000,1000000,150000,300000,145584000,1164672000,150000,150000,3100000,3100000,3250000,3250000,4400000,4550000,1000000,1000000,150000,300000,0,0,150000,150000,3100000,3100000,3250000,3250000,1000010,1150020,1000000,1000000,10,150020
9,149934000,149984000,1000000,1000000,100000,150000,145584000,145584000,150000,150000,3100000,3100000,3250000,3250000,4350000,4400000,1000000,1000000,100000,150000,0,0,150000,150000,3100000,3100000,3250000,3250000,1000010,1250030,1000000,1000000,10,250030
39,149584000,149684000,1000000,1000000,100000,200000,145584000,145584000,100000,100000,2800000,2800000,2900000,2900000,4000000,4100000,1000000,1000000,100000,200000,0,0,100000,100000,2800000,2800000,2900000,2900000,1000010,1100010,1000000,1000000,10,100010
69,149484000,149584000,1000000,1000000,0,100000,145584000,145584000,100000,100000,2800000,2800000,2900000,2900000,3900000,4000000,1000000,1000000,0,100000,0,0,100000,100000,2800000,2800000,2900000,2900000,1000010,1100010,1000000,1000000,10,100010
99,149984000,150034000,1000000,1000000,150000,200000,145584000,145584000,150000,150000,3100000,3100000,3250000,3250000,4400000,4450000,1000000,1000000,150000,200000,0,0,150000,150000,3100000,3100000,3250000,3250000,1000010,1250030,1000000,1000000,10,250030
129,149934000,149984000,1000000,1000000,100000,150000,145584000,145584000,150000,150000,3100000,3100000,3250000,3250000,4350000,4400000,1000000,1000000,100000,150000,0,0,150000,150000,3100000,3100000,3250000,3250000,1000010,1250030,1000000,1000000,10,250030
159,149984000,150034000,1000000,1000000,150000,200000,145584000,145584000,150000,150000,3100000,3100000,3250000,3250000,4400000,4450000,1000000,1000000,150000,200000,0,0,150000,150000,3100000,3100000,3250000,3250000,1000010,1250030,1000000,1000000,10,250030
189,149784000,149884000,1000000,1000000,200000,300000,145584000,145584000,200000,200000,2800000,2800000,3000000,3000000,4200000,4300000,1000000,1000000,200000,300000,0,0,200000,200000,2800000,2800000,3000000,3000000,1000010,1100010,1000000,1000000,10,100010
219,149784000,149884000,1000000,1000000,200000,300000,145584000,145584000,200000,200000,2800000,2800000,3000000,3000000,4200000,4300000,1000000,1000000,200000,300000,0,0,200000,200000,2800000,2800000,3000000,3000000,1000010,1100010,1000000,1000000,10,100010
249,149984000,150034000,1000000,1000000,150000,200000,145584000,145584000,150000,150000,3100000,3100000,3250000,3250000,4400000,4450000,1000000,1000000,150000,200000,0,0,150000,150000,3100000,3100000,3250000,3250000,1000010,1250030,1000000,1000000,10,250030
279,146684000,583536000,1000000,1000000,100000,200000,145584000,582336000,0,0,0,0,0,0,1100000,1200000,1000000,1000000,100000,200000,0,0,0,0,0,0,0,0,1000010,1000000,1000000,1000000,10,0
309,149984000,1169222000,1000000,1000000,150000,300000,145584000,1164672000,150000,150000,3100000,3100000,3250000,3250000,4400000,4550000,1000000,1000000,150000,300000,0,0,150000,150000,3100000,3100000,3250000,3250000,1000010,1150020,1000000,1000000,10,150020
10,149934000,149984000,1000000,1000000,100000,150000,145584000,145584000,150000,150000,3100000,3100000,3250000,3250000,4350000,4400000,1000000,1000000,100000,150000,0,0,150000,150000,3100000,3100000,3250000,3250000,1000010,1250030,1000000,1000000,10,250030
40,149584000,149684000,1000000,1000000,100000,200000,145584000,145584000,100000,100000,2800000,2800000,2900000,2900000,4000000,4100000,1000000,1000000,100000,200000,0,0,100000,100000,2800000,2800000,2900000,2900000,1000010,1100010,1000000,1000000,10,100010
70,149584000,149684000,1000000,1000000,100000,200000,145584000,145584000,100000,100000,2800000,2800000,2900000,2900000,4000000,4100000,1000000,1000000,100000,200000,0,0,100000,100000,2800000,2800000,2900000,2900000,1000010,1100010,1000000,1000000,10,100010
100,149984000,150034000,1000000,1000000,150000,200000,145584000,145584000,150000,150000,3100000,3100000,3250000,3250000,4400000,4450000,1000000,1000000,150000,200000,0,0,150000,150000,3100000,3100000,3250000,3250000,1000010,1250030,1000000,1000000,10,250030
130,149984000,150034000,1000000,1000000,150000,200000,145584000,145584000,150000,150000,3100000,3100000,3250000,3250000,4400000,4450000,1000000,1000000,150000,200000,0,0,150000,150000,3100000,3100000,3250000,3250000,1000010,1250030,1000000,1000000,10,250030
160,149984000,150034000,1000000,1000000,150000,200000,145584000,145584000,150000,150000,3100000,3100000,3250000,3250000,4400000,4450000,1000000,1000000,150000,200000,0,0,150000,150000,3100000,3100000,3250000,3250000,1000010,1250030,1000000,1000000,10,250030
190,149984000,150034000,1000000,1000000,150000,200000,145584000,145584000,150000,150000,3100000,3100000,3250000,3250000,4400000,4450000,1000000,1000000,150000,200000,0,0,150000,150000,3100000,3100000,3250000,3250000,1000010,1250030,1000000,1000000,10,250030
220,149784000,149884000,1000000,1000000,200000,300000,145584000,145584000,200000,200000,2800000,2800000,3000000,3000000,4200000,4300000,1000000,1000000,200000,300000,0,0,200000,200000,2800000,2800000,3000000,3000000,1000010,1100010,1000000,1000000,10,100010
250,149784000,149884000,1000000,1000000,200000,300000,145584000,145584000,200000,200000,2800000,2800000,3000000,3000000,4200000,4300000,1000000,1000000,200000,300000,0,0,200000,200000,2800000,2800000,3000000,3000000,1000010,1100010,1000000,1000000,10,100010
280,146684000,583536000,1000000,1000000,100000,200000,145584000,582336000,0,0,0,0,0,0,1100000,1200000,1000000,1000000,100000,200000,0,0,0,0,0,0,0,0,1000010,1000000,1000000,1000000,10,0
310,146684000,583536000,1000000,1000000,100000,200000,145584000,582336000,0,0,0,0,0,0,1100000,1200000,1000000,1000000,100000,200000,0,0,0,0,0,0,0,0,1000010,1000000,1000000,1000000,10,0
11,149934000,149984000,1000000,1000000,100000,150000,145584000,145584000,150000,150000,3100000,3100000,3250000,3250000,4350000,4400000,1000000,1000000,100000,150000,0,0,150000,150000,3100000,3100000,3250000,3250000,1000010,1250030,1000000,1000000,10,250030
41,149934000,149984000,1000000,1000000,100000,150000,145584000,145584000,150000,150000,3100000,3100000,3250000,3250000,4350000,4400000,1000000,1000000,100000,150000,0,0,150000,150000,3100000,3100000,3250000,3250000,1000010,1250030,1000000,1000000,10,250030
71,149584000,149684000,1000000,1000000,100000,200000,145584000,145584000,100000,100000,2800000,2800000,2900000,2900000,4000000,4100000,1000000,1000000,100000,200000,0,0,100000,100000,2800000,2800000,2900000,2900000,1000010,1100010,1000000,1000000,10,100010
101,149484000,149584000,1000000,1000000,0,100000,145584000,145584000,100000,100000,2800000,2800000,2900000,2900000,3900000,4000000,1000000,1000000,0,100000,0,0,100000,100000,2800000,2800000,2900000,2900000,1000010,1100010,1000000,1000000,10,100010
131,149984000,150034000,1000000,1000000,150000,200000,145584000,145584000,150000,150000,3100000,3100000,3250000,3250000,4400000,4450000,1000000,1000000,150000,200000,0,0,150000,150000,3100000,3100000,3250000,3250000,1000010,1250030,1000000,1000000,10,250030
161,149934000,149984000,1000000,1000000,100000,150000,145584000,145584000,150000,150000,3100000,3100000,3250000,3250000,4350000,4400000,1000000,1000000,100000,150000,0,0,150000,150000,3100000,3100000,3250000,3250000,1000010,1250030,1000000,1000000,10,250030
191,149984000,150034000,1000000,1000000,150000,200000,145584000,145584000,150000,150000,3100000,3100000,3250000,3250000,4400000,4450000,1000000,1000000,150000,200000,0,0,150000,150000,3100000,3100000,3250000,3250000,1000010,1250030,1000000,1000000,10,250030
221,149784000,149884000,1000000,1000000,200000,300000,145584000,145584000,200000,200000,2800000,2800000,3000000,3000000,4200000,4300000,1000000,1000000,200000,300000,0,0,200000,200000,2800000,2800000,3000000,3000000,1000010,1100010,1000000,1000000,10,100010
251,149784000,149884000,1000000,1000000,200000,300000,145584000,145584000,200000,200000,2800000,2800000,3000000,3000000,4200000,4300000,1000000,1000000,200000,300000,0,0,200000,200000,2800000,2800000,3000000,3000000,1000010,1100010,1000000,1000000,10,100010
281,146684000,583536000,1000000,1000000,100000,200000,145584000,582336000,0,0,0,0,0,0,1100000,1200000,1000000,1000000,100000,200000,0,0,0,0,0,0,0,0,1000010,1000000,1000000,1000000,10,0
311,146684000,583536000,1000000,1000000,100000,200000,145584000,582336000,0,0,0,0,0,0,1100000,1200000,1000000,1000000,100000,200000,0,0,0,0,0,0,0,0,1000010,1000000,1000000,1000000,10,0
12,149784000,149884000,1000000,1000000,200000,300000,145584000,145584000,200000,200000,2800000,2800000,3000000,3000000,4200000,4300000,1000000,1000000,200000,300000,0,0,200000,200000,2800000,2800000,3000000,3000000,1000010,1100010,1000000,1000000,10,100010
42,149934000,149984000,1000000,1000000,100000,150000,145584000,145584000,150000,150000,3100000,3100000,3250000,3250000,4350000,4400000,1000000,1000000,100000,150000,0,0,150000,150000,3100000,3100000,3250000,3250000,1000010,1250030,1000000,1000000,10,250030
72,149584000,149684000,1000000,1000000,100000,200000,145584000,145584000,100000,100000,2800000,2800000,2900000,2900000,4000000,4100000,1000000,1000000,100000,200000,0,0,100000,100000,2800000,2800000,2900000,2900000,1000010,1100010,1000000,1000000,10,100010
102,149584000,149684000,1000000,1000000,100000,200000,145584000,145584000,100000,100000,2800000,2800000,2900000,2900000,4000000,4100000,1000000,1000000,100000,200000,0,0,100000,100000,2800000,2800000,2900000,2900000,1000010,1100010,1000000,1000000,10,100010
132,149984000,150034000,1000000,1000000,150000,200000,145584000,145584000,150000,150000,3100000,3100000,3250000,3250000,4400000,4450000,1000000,1000000,150000,200000,0,0,150000,150000,3100000,3100000,3250000,3250000,1000010,1250030,1000000,1000000,10,250030
162,149984000,150034000,1000000,1000000,150000,200000,145584000,145584000,150000,150000,3100000,3100000,3250000,3250000,4400000,4450000,1000000,1000000,150000,200000,0,0,150000,150000,3100000,3100000,3250000,3250000,1000010,1250030,1000000,1000000,10,250030
192,149984000,150034000,1000000,1000000,150000,200000,145584000,145584000,150000,150000,3100000,3100000,3250000,3250000,4400000,4450000,1000000,1000000,150000,200000,0,0,150000,150000,3100000,3100000,3250000,3250000,1000010,1250030,1000000,1000000,10,250030
222,149984000,150034000,1000000,1000000,150000,200000,145584000,145584000,150000,150000,3100000,3100000,3250000,3250000,4400000,4450000,1000000,1000000,150000,200000,0,0,150000,150000,3100000,3100000,3250000,3250000,1000010,1250030,1000000,1000000,10,250030
252,149784000,149884000,1000000,1000000,200000,300000,145584000,145584000,200000,200000,2800000,2800000,3000000,3000000,4200000,4300000,1000000,1000000,200000,300000,0,0,200000,200000,2800000,2800000,3000000,3000000,1000010,1100010,1000000,1000000,10,100010
282,149834000,1169122000,1000000,1000000,0,200000,145584000,1164672000,150000,150000,3100000,3100000,3250000,3250000,4250000,4450000,1000000,1000000,0,200000,0,0,150000,150000,3100000,3100000,3250000,3250000,1000010,1150020,1000000,1000000,10,150020
312,146684000,583536000,1000000,1000000,100000,200000,145584000,582336000,0,0,0,0,0,0,1100000,1200000,1000000,1000000,100000,200000,0,0,0,0,0,0,0,0,1000010,1000000,1000000,1000000,10,0
13,149784000,149884000,1000000,1000000,200000,300000,145584000,145584000,200000,200000,2800000,2800000,3000000,3000000,4200000,4300000,1000000,1000000,200000,300000,0,0,200000,200000,2800000,2800000,3000000,3000000,1000010,1100010,1000000,1000000,10,100010
43,149934000,149984000,1000000,1000000,100000,150000,145584000,145584000,150000,150000,3100000,3100000,3250000,3250000,4350000,4400000,1000000,1000000,100000,150000,0,0,150000,150000,3100000,3100000,3250000,3250000,1000010,1250030,1000000,1000000,10,250030
73,149934000,149984000,1000000,1000000,100000,150000,145584000,145584000,150000,150000,3100000,3100000,3250000,3250000,4350000,4400000,1000000,1000000,100000,150000,0,0,150000,150000,3100000,3100000,3250000,3250000,1000010,1250030,1000000,1000000,10,250030
103,149584000,149684000,1000000,1000000,100000,200000,145584000,145584000,100000,100000,2800000,2800000,2900000,2900000,4000000,4100000,1000000,1000000,100000,200000,0,0,100000,100000,2800000,2800000,2900000,2900000,1000010,1100010,1000000,1000000,10,100010
133,149484000,149584000,1000000,1000000,0,100000,145584000,145584000,100000,100000,2800000,2800000,2900000,2900000,3900000,4000000,1000000,1000000,0,100000,0,0,100000,100000,2800000,2800000,2900000,2900000,1000010,1100010,1000000,1000000,10,100010
163,149984000,150034000,1000000,1000000,150000,200000,145584000,145584000,150000,150000,3100000,3100000,3250000,3250000,4400000,4450000,1000000,1000000,150000,200000,0,0,150000,150000,3100000,3100000,3250000,3250000,1000010,1250030,1000000,1000000,10,250030
193,149934000,149984000,1000000,1000000,100000,150000,145584000,145584000,150000,150000,3100000,3100000,3250000,3250000,4350000,4400000,1000000,1000000,100000,150000,0,0,150000,150000,3100000,3100000,3250000,3250000,1000010,1250030,1000000,1000000,10,250030
223,149984000,150034000,1000000,1000000,150000,200000,145584000,145584000,150000,150000,3100000,3100000,3250000,3250000,4400000,4450000,1000000,1000000,150000,200000,0,0,150000,150000,3100000,3100000,3250000,3250000,1000010,1250030,1000000,1000000,10,250030
253,149784000,149884000,1000000,1000000,200000,300000,145584000,145584000,200000,200000,2800000,2800000,3000000,3000000,4200000,4300000,1000000,1000000,200000,300000,0,0,200000,200000,2800000,2800000,3000000,3000000,1000010,1100010,1000000,1000000,10,100010
283,149984000,1169222000,1000000,1000000,150000,300000,145584000,1164672000,150000,150000,3100000,3100000,3250000,3250000,4400000,4550000,1000000,1000000,150000,300000,0,0,150000,150000,3100000,3100000,3250000,3250000,1000010,1150020,1000000,1000000,10,150020
313,146684000,583536000,1000000,1000000,100000,200000,145584000,582336000,0,0,0,0,0,0,1100000,1200000,1000000,1000000,100000,200000,0,0,0,0,0,0,0,0,1000010,1000000,1000000,1000000,10,0
14,149784000,149884000,1000000,1000000,200000,300000,145584000,145584000,200000,200000,2800000,2800000,3000000,3000000,4200000,4300000,1000000,1000000,200000,300000,0,0,200000,200000,2800000,2800000,3000000,3000000,1000010,1100010,1000000,1000000,10,100010
44,149784000,149884000,1000000,1000000,200000,300000,145584000,145584000,200000,200000,2800000,2800000,3000000,3000000,4200000,4300000,1000000,1000000,200000,300000,0,0,200000,200000,2800000,2800000,3000000,3000000,1000010,1100010,1000000,1000000,10,100010
74,149934000,149984000,1000000,1000000,100000,150000,145584000,145584000,150000,150000,3100000,3100000,3250000,3250000,4350000,4400000,1000000,1000000,100000,150000,0,0,150000,150000,3100000,3100000,3250000,3250000,1000010,1250030,1000000,1000000,10,250030
104,149584000,149684000,1000000,1000000,100000,200000,145584000,145584000,100000,100000,2800000,2800000,2900000,2900000,4000000,4100000,1000000,1000000,100000,200000,0,0,100000,100000,2800000,2800000,2900000,2900000,1000010,1100010,1000000,1000000,10,100010
134,149584000,149684000,1000000,1000000,100000,200000,145584000,145584000,100000,100000,2800000,2800000,2900000,2900000,4000000,4100000,1000000,1000000,100000,200000,0,0,100000,100000,2800000,2800000,2900000,2900000,1000010,1100010,1000000,1000000,10,100010
164,149984000,150034000,1000000,1000000,150000,200000,145584000,145584000,150000,150000,3100000,3100000,3250000,3250000,4400000,4450000,1000000,1000000,150000,200000,0,0,150000,150000,3100000,3100000,3250000,3250000,1000010,1250030,1000000,1000000,10,250030
194,149984000,150034000,1000000,1000000,150000,200000,145584000,145584000,150000,150000,3100000,3100000,3250000,3250000,4400000,4450000,1000000,1000000,150000,200000,0,0,150000,150000,3100000,3100000,3250000,3250000,1000010,1250030,1000000,1000000,10,250030
224,149984000,150034000,1000000,1000000,150000,200000,145584000,145584000,150000,150000,3100000,3100000,3250000,3250000,4400000,4450000,1000000,1000000,150000,200000,0,0,150000,150000,3100000,3100000,3250000,3250000,1000010,1250030,1000000,1000000,10,250030
254,149984000,150034000,1000000,1000000,150000,200000,145584000,145584000,150000,150000,3100000,3100000,3250000,3250000,4400000,4450000,1000000,1000000,150000,200000,0,0,150000,150000,3100000,3100000,3250000,3250000,1000010,1250030,1000000,1000000,10,250030
284,149984000,1169222000,1000000,1000000,150000,300000,145584000,1164672000,150000,150000,3100000,3100000,3250000,3250000,4400000,4550000,1000000,1000000,150000,300000,0,0,150000,150000,3100000,3100000,3250000,3250000,1000010,1150020,1000000,1000000,10,150020
314,149834000,1169122000,1000000,1000000,0,200000,145584000,1164672000,150000,150000,3100000,3100000,3250000,3250000,4250000,4450000,1000000,1000000,0,200000,0,0,150000,150000,3100000,3100000,3250000,3250000,1000010,1150020,1000000,1000000,10,150020
15,149784000,149884000,1000000,1000000,200000,300000,145584000,145584000,200000,200000,2800000,2800000,3000000,3000000,4200000,4300000,1000000,1000000,200000,300000,0,0,200000,200000,2800000,2800000,3000000,3000000,1000010,1100010,1000000,1000000,10,100010
45,149784000,149884000,1000000,1000000,200000,300000,145584000,145584000,200000,200000,2800000,2800000,3000000,3000000,4200000,4300000,1000000,1000000,200000,300000,0,0,200000,200000,2800000,2800000,3000000,3000000,1000010,1100010,1000000,1000000,10,100010
75,149934000,149984000,1000000,1000000,100000,150000,145584000,145584000,150000,150000,3100000,3100000,3250000,3250000,4350000,4400000,1000000,1000000,100000,150000,0,0,150000,150000,3100000,3100000,3250000,3250000,1000010,1250030,1000000,1000000,10,250030
105,149934000,149984000,1000000,1000000,100000,150000,145584000,145584000,150000,150000,3100000,3100000,3250000,3250000,4350000,4400000,1000000,1000000,100000,150000,0,0,150000,150000,3100000,3100000,3250000,3250000,1000010,1250030,1000000,1000000,10,250030
135,149584000,149684000,1000000,1000000,100000,200000,145584000,145584000,100000,100000,2800000,2800000,2900000,2900000,4000000,4100000,1000000,1000000,100000,200000,0,0,100000,100000,2800000,2800000,2900000,2900000,1000010,1100010,1000000,1000000,10,100010
165,149484000,149584000,1000000,1000000,0,100000,145584000,145584000,100000,100000,2800000,2800000,2900000,2900000,3900000,4000000,1000000,1000000,0,100000,0,0,100000,100000,2800000,2800000,2900000,2900000,1000010,1100010,1000000,1000000,10,100010
195,149984000,150034000,1000000,1000000,150000,200000,145584000,145584000,150000,150000,3100000,3100000,3250000,3250000,4400000,4450000,1000000,1000000,150000,200000,0,0,150000,150000,3100000,3100000,3250000,3250000,1000010,1250030,1000000,1000000,10,250030
225,149934000,149984000,1000000,1000000,100000,150000,145584000,145584000,150000,150000,3100000,3100000,3250000,3250000,4350000,4400000,1000000,1000000,100000,150000,0,0,150000,150000,3100000,3100000,3250000,3250000,1000010,1250030,1000000,1000000,10,250030
255,149984000,150034000,1000000,1000000,150000,200000,145584000,145584000,150000,150000,3100000,3100000,3250000,3250000,4400000,4450000,1000000,1000000,150000,200000,0,0,150000,150000,3100000,3100000,3250000,3250000,1000010,1250030,1000000,1000000,10,250030
285,149984000,1169222000,1000000,1000000,150000,300000,145584000,1164672000,150000,150000,3100000,3100000,3250000,3250000,4400000,4550000,1000000,1000000,150000,300000,0,0,150000,150000,3100000,3100000,3250000,3250000,1000010,1150020,1000000,1000000,10,150020
315,149984000,1169222000,1000000,1000000,150000,300000,145584000,1164672000,150000,150000,3100000,3100000,3250000,3250000,4400000,4550000,1000000,1000000,150000,300000,0,0,150000,150000,3100000,3100000,3250000,3250000,1000010,1150020,1000000,1000000,10,150020
16,149984000,150034000,1000000,1000000,150000,200000,145584000,145584000,150000,150000,3100000,3100000,3250000,3250000,4400000,4450000,1000000,1000000,150000,200000,0,0,150000,150000,3100000,3100000,3250000,3250000,1000010,1250030,1000000,1000000,10,250030
46,149784000,149884000,1000000,1000000,200000,300000,145584000,145584000,200000,200000,2800000,2800000,3000000,3000000,4200000,4300000,1000000,1000000,200000,300000,0,0,200000,200000,2800000,2800000,3000000,3000000,1000010,1100010,1000000,1000000,10,100010
76,149784000,149884000,1000000,1000000,200000,300000,145584000,145584000,200000,200000,2800000,2800000,3000000,3000000,4200000,4300000,1000000,1000000,200000,300000,0,0,200000,200000,2800000,2800000,3000000,3000000,1000010,1100010,1000000,1000000,10,100010
106,149934000,149984000,1000000,1000000,100000,150000,145584000,145584000,150000,150000,3100000,3100000,3250000,3250000,4350000,4400000,1000000,1000000,100000,150000,0,0,150000,150000,3100000,3100000,3250000,3250000,1000010,1250030,1000000,1000000,10,250030
136,149584000,149684000,1000000,1000000,100000,200000,145584000,145584000,100000,100000,2800000,2800000,2900000,2900000,4000000,4100000,1000000,1000000,100000,200000,0,0,100000,100000,2800000,2800000,2900000,2900000,1000010,1100010,1000000,1000000,10,100010
166,149584000,149684000,1000000,1000000,100000,200000,145584000,145584000,100000,100000,2800000,2800000,2900000,2900000,4000000,4100000,1000000,1000000,100000,200000,0,0,100000,100000,2800000,2800000,2900000,2900000,1000010,1100010,1000000,1000000,10,100010
196,149984000,150034000,1000000,1000000,150000,200000,145584000,145584000,150000,150000,3100000,3100000,3250000,3250000,4400000,4450000,1000000,1000000,150000,200000,0,0,150000,150000,3100000,3100000,3250000,3250000,1000010,1250030,1000000,1000000,10,250030
226,149984000,150034000,1000000,1000000,150000,200000,145584000,145584000,150000,150000,3100000,3100000,3250000,3250000,4400000,4450000,1000000,1000000,150000,200000,0,0,150000,150000,3100000,3100000,3250000,3250000,1000010,1250030,1000000,1000000,10,250030
256,149984000,150034000,1000000,1000000,150000,200000,145584000,145584000,150000,150000,3100000,3100000,3250000,3250000,4400000,4450000,1000000,1000000,150000,200000,0,0,150000,150000,3100000,3100000,3250000,3250000,1000010,1250030,1000000,1000000,10,250030
286,146684000,583536000,1000000,1000000,100000,200000,145584000,582336000,0,0,0,0,0,0,1100000,1200000,1000000,1000000,100000,200000,0,0,0,0,0,0,0,0,1000010,1000000,1000000,1000000,10,0
316,149984000,1169222000,1000000,1000000,150000,300000,145584000,1164672000,150000,150000,3100000,3100000,3250000,3250000,4400000,4550000,1000000,1000000,150000,300000,0,0,150000,150000,3100000,3100000,3250000,3250000,1000010,1150020,1000000,1000000,10,150020
17,149984000,150034000,1000000,1000000,150000,200000,145584000,145584000,150000,150000,3100000,3100000,3250000,3250000,4400000,4450000,1000000,1000000,150000,200000,0,0,150000,150000,3100000,3100000,3250000,3250000,1000010,1250030,1000000,1000000,10,250030
47,149784000,149884000,1000000,1000000,200000,300000,145584000,145584000,200000,200000,2800000,2800000,3000000,3000000,4200000,4300000,1000000,1000000,200000,300000,0,0,200000,200000,2800000,2800000,3000000,3000000,1000010,1100010,1000000,1000000,10,100010
77,149784000,149884000,1000000,1000000,200000,300000,145584000,145584000,200000,200000,2800000,2800000,3000000,3000000,4200000,4300000,1000000,1000000,200000,300000,0,0,200000,200000,2800000,2800000,3000000,3000000,1000010,1100010,1000000,1000000,10,100010
107,149934000,149984000,1000000,1000000,100000,150000,145584000,145584000,150000,150000,3100000,3100000,3250000,3250000,4350000,4400000,1000000,1000000,100000,150000,0,0,150000,150000,3100000,3100000,3250000,3250000,1000010,1250030,1000000,1000000,10,250030
137,149934000,149984000,1000000,1000000,100000,150000,145584000,145584000,150000,150000,3100000,3100000,3250000,3250000,4350000,4400000,1000000,1000000,100000,150000,0,0,150000,150000,3100000,3100000,3250000,3250000,1000010,1250030,1000000,1000000,10,250030
167,149584000,149684000,1000000,1000000,100000,200000,145584000,145584000,100000,100000,2800000,2800000,2900000,2900000,4000000,4100000,1000000,1000000,100000,200000,0,0,100000,100000,2800000,2800000,2900000,2900000,1000010,1100010,1000000,1000000,10,100010
197,149484000,149584000,1000000,1000000,0,100000,145584000,145584000,100000,100000,2800000,2800000,2900000,2900000,3900000,4000000,1000000,1000000,0,100000,0,0,100000,100000,2800000,2800000,2900000,2900000,1000010,1100010,1000000,1000000,10,100010
227,149984000,150034000,1000000,1000000,150000,200000,145584000,145584000,150000,150000,3100000,3100000,3250000,3250000,4400000,4450000,1000000,1000000,150000,200000,0,0,150000,150000,3100000,3100000,3250000,3250000,1000010,1250030,1000000,1000000,10,250030
257,146684000,583536000,1000000,1000000,100000,200000,145584000,582336000,0,0,0,0,0,0,1100000,1200000,1000000,1000000,100000,200000,0,0,0,0,0,0,0,0,1000010,1000000,1000000,1000000,10,0
287,146684000,583536000,1000000,1000000,100000,200000,145584000,582336000,0,0,0,0,0,0,1100000,1200000,1000000,1000000,100000,200000,0,0,0,0,0,0,0,0,1000010,1000000,1000000,1000000,10,0
317,149984000,1169222000,1000000,1000000,150000,300000,145584000,1164672000,150000,150000,3100000,3100000,3250000,3250000,4400000,4550000,1000000,1000000,150000,300000,0,0,150000,150000,3100000,3100000,3250000,3250000,1000010,1150020,1000000,1000000,10,150020
18,149984000,150034000,1000000,1000000,150000,200000,145584000,145584000,150000,150000,3100000,3100000,3250000,3250000,4400000,4450000,1000000,1000000,150000,200000,0,0,150000,150000,3100000,3100000,3250000,3250000,1000010,1250030,1000000,1000000,10,250030
48,149984000,150034000,1000000,1000000,150000,200000,145584000,145584000,150000,150000,3100000,3100000,3250000,3250000,4400000,4450000,1000000,1000000,150000,200000,0,0,150000,150000,3100000,3100000,3250000,3250000,1000010,1250030,1000000,1000000,10,250030
78,149784000,149884000,1000000,1000000,200000,300000,145584000,145584000,200000,200000,2800000,2800000,3000000,3000000,4200000,4300000,1000000,1000000,200000,300000,0,0,200000,200000,2800000,2800000,3000000,3000000,1000010,1100010,1000000,1000000,10,100010
108,149784000,149884000,1000000,1000000,200000,300000,145584000,145584000,200000,200000,2800000,2800000,3000000,3000000,4200000,4300000,1000000,1000000,200000,300000,0,0,200000,200000,2800000,2800000,3000000,3000000,1000010,1100010,1000000,1000000,10,100010
138,149934000,149984000,1000000,1000000,100000,150000,145584000,145584000,150000,150000,3100000,3100000,3250000,3250000,4350000,4400000,1000000,1000000,100000,150000,0,0,150000,150000,3100000,3100000,3250000,3250000,1000010,1250030,1000000,1000000,10,250030
168,149584000,149684000,1000000,1000000,100000,200000,145584000,145584000,100000,100000,2800000,2800000,2900000,2900000,4000000,4100000,1000000,1000000,100000,200000,0,0,100000,100000,2800000,2800000,2900000,2900000,1000010,1100010,1000000,1000000,10,100010
198,149584000,149684000,1000000,1000000,100000,200000,145584000,145584000,100000,100000,2800000,2800000,2900000,2900000,4000000,4100000,1000000,1000000,100000,200000,0,0,100000,100000,2800000,2800000,2900000,2900000,1000010,1100010,1000000,1000000,10,100010
228,149984000,150034000,1000000,1000000,150000,200000,145584000,145584000,150000,150000,3100000,3100000,3250000,3250000,4400000,4450000,1000000,1000000,150000,200000,0,0,150000,150000,3100000,3100000,3250000,3250000,1000010,1250030,1000000,1000000,10,250030
258,149834000,1169122000,1000000,1000000,0,200000,145584000,1164672000,150000,150000,3100000,3100000,3250000,3250000,4250000,4450000,1000000,1000000,0,200000,0,0,150000,150000,3100000,3100000,3250000,3250000,1000010,1150020,1000000,1000000,10,150020
288,146684000,583536000,1000000,1000000,100000,200000,145584000,582336000,0,0,0,0,0,0,1100000,1200000,1000000,1000000,100000,200000,0,0,0,0,0,0,0,0,1000010,1000000,1000000,1000000,10,0
318,146684000,583536000,1000000,1000000,100000,200000,145584000,582336000,0,0,0,0,0,0,1100000,1200000,1000000,1000000,100000,200000,0,0,0,0,0,0,0,0,1000010,1000000,1000000,1000000,10,0
19,149784000,149884000,1000000,1000000,200000,300000,145584000,145584000,200000,200000,2800000,2800000,3000000,3000000,4200000,4300000,1000000,1000000,200000,300000,0,0,200000,200000,2800000,2800000,3000000,3000000,1000010,1100010,1000000,1000000,10,100010
49,149984000,150034000,1000000,1000000,150000,200000,145584000,145584000,150000,150000,3100000,3100000,3250000,3250000,4400000,4450000,1000000,1000000,150000,200000,0,0,150000,150000,3100000,3100000,3250000,3250000,1000010,1250030,1000000,1000000,10,250030
79,149784000,149884000,1000000,1000000,200000,300000,145584000,145584000,200000,200000,2800000,2800000,3000000,3000000,4200000,4300000,1000000,1000000,200000,300000,0,0,200000,200000,2800000,2800000,3000000,3000000,1000010,1100010,1000000,1000000,10,100010
109,149784000,149884000,1000000,1000000,200000,300000,145584000,145584000,200000,200000,2800000,2800000,3000000,3000000,4200000,4300000,1000000,1000000,200000,300000,0,0,200000,200000,2800000,2800000,3000000,3000000,1000010,1100010,1000000,1000000,10,100010
139,149934000,149984000,1000000,1000000,100000,150000,145584000,145584000,150000,150000,3100000,3100000,3250000,3250000,4350000,4400000,1000000,1000000,100000,150000,0,0,150000,150000,3100000,3100000,3250000,3250000,1000010,1250030,1000000,1000000,10,250030
169,149934000,149984000,1000000,1000000,100000,150000,145584000,145584000,150000,150000,3100000,3100000,3250000,3250000,4350000,4400000,1000000,1000000,100000,150000,0,0,150000,150000,3100000,3100000,3250000,3250000,1000010,1250030,1000000,1000000,10,250030
199,149584000,149684000,1000000,1000000,100000,200000,145584000,145584000,100000,100000,2800000,2800000,2900000,2900000,4000000,4100000,1000000,1000000,100000,200000,0,0,100000,100000,2800000,2800000,2900000,2900000,1000010,1100010,1000000,1000000,10,100010
229,149484000,149584000,1000000,1000000,0,100000,145584000,145584000,100000,100000,2800000,2800000,2900000,2900000,3900000,4000000,1000000,1000000,0,100000,0,0,100000,100000,2800000,2800000,2900000,2900000,1000010,1100010,1000000,1000000,10,100010
259,149984000,1169222000,1000000,1000000,150000,300000,145584000,1164672000,150000,150000,3100000,3100000,3250000,3250000,4400000,4550000,1000000,1000000,150000,300000,0,0,150000,150000,3100000,3100000,3250000,3250000,1000010,1150020,1000000,1000000,10,150020
289,146684000,583536000,1000000,1000000,100000,200000,145584000,582336000,0,0,0,0,0,0,1100000,1200000,1000000,1000000,100000,200000,0,0,0,0,0,0,0,0,1000010,1000000,1000000,1000000,10,0
319,146684000,583536000,1000000,1000000,100000,200000,145584000,582336000,0,0,0,0,0,0,1100000,1200000,1000000,1000000,100000,200000,0,0,0,0,0,0,0,0,1000010,1000000,1000000,1000000,10,0
20,149784000,149884000,1000000,1000000,200000,300000,145584000,145584000,200000,200000,2800000,2800000,3000000,3000000,4200000,4300000,1000000,1000000,200000,300000,0,0,200000,200000,2800000,2800000,3000000,3000000,1000010,1100010,1000000,1000000,10,100010
50,149984000,150034000,1000000,1000000,150000,200000,145584000,145584000,150000,150000,3100000,3100000,3250000,3250000,4400000,4450000,1000000,1000000,150000,200000,0,0,150000,150000,3100000,3100000,3250000,3250000,1000010,1250030,1000000,1000000,10,250030
80,149984000,150034000,1000000,1000000,150000,200000,145584000,145584000,150000,150000,3100000,3100000,3250000,3250000,4400000,4450000,1000000,1000000,150000,200000,0,0,150000,150000,3100000,3100000,3250000,3250000,1000010,1250030,1000000,1000000,10,250030
110,149784000,149884000,1000000,1000000,200000,300000,145584000,145584000,200000,200000,2800000,2800000,3000000,3000000,4200000,4300000,1000000,1000000,200000,300000,0,0,200000,200000,2800000,2800000,3000000,3000000,1000010,1100010,1000000,1000000,10,100010
140,149784000,149884000,1000000,1000000,200000,300000,145584000,145584000,200000,200000,2800000,2800000,3000000,3000000,4200000,4300000,1000000,1000000,200000,300000,0,0,200000,200000,2800000,2800000,3000000,3000000,1000010,1100010,1000000,1000000,10,100010
170,149934000,149984000,1000000,1000000,100000,150000,145584000,145584000,150000,150000,3100000,3100000,3250000,3250000,4350000,4400000,1000000,1000000,100000,150000,0,0,150000,150000,3100000,3100000,3250000,3250000,1000010,1250030,1000000,1000000,10,250030
200,149584000,149684000,1000000,1000000,100000,200000,145584000,145584000,100000,100000,2800000,2800000,2900000,2900000,4000000,4100000,1000000,1000000,100000,200000,0,0,100000,100000,2800000,2800000,2900000,2900000,1000010,1100010,1000000,1000000,10,100010
230,149584000,149684000,1000000,1000000,100000,200000,145584000,145584000,100000,100000,2800000,2800000,2900000,2900000,4000000,4100000,1000000,1000000,100000,200000,0,0,100000,100000,2800000,2800000,2900000,2900000,1000010,1100010,1000000,1000000,10,100010
260,149984000,1169222000,1000000,1000000,150000,300000,145584000,1164672000,150000,150000,3100000,3100000,3250000,3250000,4400000,4550000,1000000,1000000,150000,300000,0,0,150000,150000,3100000,3100000,3250000,3250000,1000010,1150020,1000000,1000000,10,150020
290,149834000,1169122000,1000000,1000000,0,200000,145584000,1164672000,150000,150000,3100000,3100000,3250000,3250000,4250000,4450000,1000000,1000000,0,200000,0,0,150000,150000,3100000,3100000,3250000,3250000,1000010,1150020,1000000,1000000,10,150020
320,146684000,583536000,1000000,1000000,100000,200000,145584000,582336000,0,0,0,0,0,0,1100000,1200000,1000000,1000000,100000,200000,0,0,0,0,0,0,0,0,1000010,1000000,1000000,1000000,10,0
21,149784000,149884000,1000000,1000000,200000,300000,145584000,145584000,200000,200000,2800000,2800000,3000000,3000000,4200000,4300000,1000000,1000000,200000,300000,0,0,200000,200000,2800000,2800000,3000000,3000000,1000010,1100010,1000000,1000000,10,100010
51,149784000,149884000,1000000,1000000,200000,300000,145584000,145584000,200000,200000,2800000,2800000,3000000,3000000,4200000,4300000,1000000,1000000,200000,300000,0,0,200000,200000,2800000,2800000,3000000,3000000,1000010,1100010,1000000,1000000,10,100010
81,149984000,150034000,1000000,1000000,150000,200000,145584000,145584000,150000,150000,3100000,3100000,3250000,3250000,4400000,4450000,1000000,1000000,150000,200000,0,0,150000,150000,3100000,3100000,3250000,3250000,1000010,1250030,1000000,1000000,10,250030
111,149784000,149884000,1000000,1000000,200000,300000,145584000,145584000,200000,200000,2800000,2800000,3000000,3000000,4200000,4300000,1000000,1000000,200000,300000,0,0,200000,200000,2800000,2800000,3000000,3000000,1000010,1100010,1000000,1000000,10,100010
141,149784000,149884000,1000000,1000000,200000,300000,145584000,145584000,200000,200000,2800000,2800000,3000000,3000000,4200000,4300000,1000000,1000000,200000,300000,0,0,200000,200000,2800000,2800000,3000000,3000000,1000010,1100010,1000000,1000000,10,100010
171,149934000,149984000,1000000,1000000,100000,150000,145584000,145584000,150000,150000,3100000,3100000,3250000,3250000,4350000,4400000,1000000,1000000,100000,150000,0,0,150000,150000,3100000,3100000,3250000,3250000,1000010,1250030,1000000,1000000,10,250030
201,149934000,149984000,1000000,1000000,100000,150000,145584000,145584000,150000,150000,3100000,3100000,3250000,3250000,4350000,4400000,1000000,1000000,100000,150000,0,0,150000,150000,3100000,3100000,3250000,3250000,1000010,1250030,1000000,1000000,10,250030
231,149584000,149684000,1000000,1000000,100000,200000,145584000,145584000,100000,100000,2800000,2800000,2900000,2900000,4000000,4100000,1000000,1000000,100000,200000,0,0,100000,100000,2800000,2800000,2900000,2900000,1000010,1100010,1000000,1000000,10,100010
261,149984000,1169222000,1000000,1000000,150000,300000,145584000,1164672000,150000,150000,3100000,3100000,3250000,3250000,4400000,4550000,1000000,1000000,150000,300000,0,0,150000,150000,3100000,3100000,3250000,3250000,1000010,1150020,1000000,1000000,10,150020
291,149984000,1169222000,1000000,1000000,150000,300000,145584000,1164672000,150000,150000,3100000,3100000,3250000,3250000,4400000,4550000,1000000,1000000,150000,300000,0,0,150000,150000,3100000,3100000,3250000,3250000,1000010,1150020,1000000,1000000,10,150020
321,149484000,1168672000,1000000,1000000,0,100000,145584000,1164672000,100000,100000,2800000,2800000,2900000,2900000,3900000,4000000,1000000,1000000,0,100000,0,0,100000,100000,2800000,2800000,2900000,2900000,1000010,1000000,1000000,1000000,10,0
22,149784000,149884000,1000000,1000000,200000,300000,145584000,145584000,200000,200000,2800000,2800000,3000000,3000000,4200000,4300000,1000000,1000000,200000,300000,0,0,200000,200000,2800000,2800000,3000000,3000000,1000010,1100010,1000000,1000000,10,100010
52,149784000,149884000,1000000,1000000,200000,300000,145584000,145584000,200000,200000,2800000,2800000,3000000,3000000,4200000,4300000,1000000,1000000,200000,300000,0,0,200000,200000,2800000,2800000,3000000,3000000,1000010,1100010,1000000,1000000,10,100010
82,149984000,150034000,1000000,1000000,150000,200000,145584000,145584000,150000,150000,3100000,3100000,3250000,3250000,4400000,4450000,1000000,1000000,150000,200000,0,0,150000,150000,3100000,3100000,3250000,3250000,1000010,1250030,1000000,1000000,10,250030
112,149984000,150034000,1000000,1000000,150000,200000,145584000,145584000,150000,150000,3100000,3100000,3250000,3250000,4400000,4450000,1000000,1000000,150000,200000,0,0,150000,150000,3100000,3100000,3250000,3250000,1000010,1250030,1000000,1000000,10,250030
142,149784000,149884000,1000000,1000000,200000,300000,145584000,145584000,200000,200000,2800000,2800000,3000000,3000000,4200000,4300000,1000000,1000000,200000,300000,0,0,200000,200000,2800000,2800000,3000000,3000000,1000010,1100010,1000000,1000000,10,100010
172,149784000,149884000,1000000,1000000,200000,300000,145584000,145584000,200000,200000,2800000,2800000,3000000,3000000,4200000,4300000,1000000,1000000,200000,300000,0,0,200000,200000,2800000,2800000,3000000,3000000,1000010,1100010,1000000,1000000,10,100010
202,149934000,149984000,1000000,1000000,100000,150000,145584000,145584000,150000,150000,3100000,3100000,3250000,3250000,4350000,4400000,1000000,1000000,100000,150000,0,0,150000,150000,3100000,3100000,3250000,3250000,1000010,1250030,1000000,1000000,10,250030
232,149584000,149684000,1000000,1000000,100000,200000,145584000,145584000,100000,100000,2800000,2800000,2900000,2900000,4000000,4100000,1000000,1000000,100000,200000,0,0,100000,100000,2800000,2800000,2900000,2900000,1000010,1100010,1000000,1000000,10,100010
262,146684000,583536000,1000000,1000000,100000,200000,145584000,582336000,0,0,0,0,0,0,1100000,1200000,1000000,1000000,100000,200000,0,0,0,0,0,0,0,0,1000010,1000000,1000000,1000000,10,0
292,149984000,1169222000,1000000,1000000,150000,300000,145584000,1164672000,150000,150000,3100000,3100000,3250000,3250000,4400000,4550000,1000000,1000000,150000,300000,0,0,150000,150000,3100000,3100000,3250000,3250000,1000010,1150020,1000000,1000000,10,150020
322,149584000,1168772000,1000000,1000000,100000,200000,145584000,1164672000,100000,100000,2800000,2800000,2900000,2900000,4000000,4100000,1000000,1000000,100000,200000,0,0,100000,100000,2800000,2800000,2900000,2900000,1000010,1000000,1000000,1000000,10,0
23,149984000,150034000,1000000,1000000,150000,200000,145584000,145584000,150000,150000,3100000,3100000,3250000,3250000,4400000,4450000,1000000,1000000,150000,200000,0,0,150000,150000,3100000,3100000,3250000,3250000,1000010,1250030,1000000,1000000,10,250030
53,149784000,149884000,1000000,1000000,200000,300000,145584000,145584000,200000,200000,2800000,2800000,3000000,3000000,4200000,4300000,1000000,1000000,200000,300000,0,0,200000,200000,2800000,2800000,3000000,3000000,1000010,1100010,1000000,1000000,10,100010
83,149784000,149884000,1000000,1000000,200000,300000,145584000,145584000,200000,200000,2800000,2800000,3000000,3000000,4200000,4300000,1000000,1000000,200000,300000,0,0,200000,200000,2800000,2800000,3000000,3000000,1000010,1100010,1000000,1000000,10,100010
113,149984000,150034000,1000000,1000000,150000,200000,145584000,145584000,150000,150000,3100000,3100000,3250000,3250000,4400000,4450000,1000000,1000000,150000,200000,0,0,150000,150000,3100000,3100000,3250000,3250000,1000010,1250030,1000000,1000000,10,250030
143,149784000,149884000,1000000,1000000,200000,300000,145584000,145584000,200000,200000,2800000,2800000,3000000,3000000,4200000,4300000,1000000,1000000,200000,300000,0,0,200000,200000,2800000,2800000,3000000,3000000,1000010,1100010,1000000,1000000,10,100010
173,149784000,149884000,1000000,1000000,200000,300000,145584000,145584000,200000,200000,2800000,2800000,3000000,3000000,4200000,4300000,1000000,1000000,200000,300000,0,0,200000,200000,2800000,2800000,3000000,3000000,1000010,1100010,1000000,1000000,10,100010
203,149934000,149984000,1000000,1000000,100000,150000,145584000,145584000,150000,150000,3100000,3100000,3250000,3250000,4350000,4400000,1000000,1000000,100000,150000,0,0,150000,150000,3100000,3100000,3250000,3250000,1000010,1250030,1000000,1000000,10,250030
233,149934000,149984000,1000000,1000000,100000,150000,145584000,145584000,150000,150000,3100000,3100000,3250000,3250000,4350000,4400000,1000000,1000000,100000,150000,0,0,150000,150000,3100000,3100000,3250000,3250000,1000010,1250030,1000000,1000000,10,250030
263,146684000,583536000,1000000,1000000,100000,200000,145584000,582336000,0,0,0,0,0,0,1100000,1200000,1000000,1000000,100000,200000,0,0,0,0,0,0,0,0,1000010,1000000,1000000,1000000,10,0
293,149984000,1169222000,1000000,1000000,150000,300000,145584000,1164672000,150000,150000,3100000,3100000,3250000,3250000,4400000,4550000,1000000,1000000,150000,300000,0,0,150000,150000,3100000,3100000,3250000,3250000,1000010,1150020,1000000,1000000,10,150020
323,149584000,1168772000,1000000,1000000,100000,200000,145584000,1164672000,100000,100000,2800000,2800000,2900000,2900000,4000000,4100000,1000000,1000000,100000,200000,0,0,100000,100000,2800000,2800000,2900000,2900000,1000010,1000000,1000000,1000000,10,0
24,149984000,150034000,1000000,1000000,150000,200000,145584000,145584000,150000,150000,3100000,3100000,3250000,3250000,4400000,4450000,1000000,1000000,150000,200000,0,0,150000,150000,3100000,3100000,3250000,3250000,1000010,1250030,1000000,1000000,10,250030
54,149784000,149884000,1000000,1000000,200000,300000,145584000,145584000,200000,200000,2800000,2800000,3000000,3000000,4200000,4300000,1000000,1000000,200000,300000,0,0,200000,200000,2800000,2800000,3000000,3000000,1000010,1100010,1000000,1000000,10,100010
84,149784000,149884000,1000000,1000000,200000,300000,145584000,145584000,200000,200000,2800000,2800000,3000000,3000000,4200000,4300000,1000000,1000000,200000,300000,0,0,200000,200000,2800000,2800000,3000000,3000000,1000010,1100010,1000000,1000000,10,100010
114,149984000,150034000,1000000,1000000,150000,200000,145584000,145584000,150000,150000,3100000,3100000,3250000,3250000,4400000,4450000,1000000,1000000,150000,200000,0,0,150000,150000,3100000,3100000,3250000,3250000,1000010,1250030,1000000,1000000,10,250030
144,149984000,150034000,1000000,1000000,150000,200000,145584000,145584000,150000,150000,3100000,3100000,3250000,3250000,4400000,4450000,1000000,1000000,150000,200000,0,0,150000,150000,3100000,3100000,3250000,3250000,1000010,1250030,1000000,1000000,10,250030
174,149784000,149884000,1000000,1000000,200000,300000,145584000,145584000,200000,200000,2800000,2800000,3000000,3000000,4200000,4300000,1000000,1000000,200000,300000,0,0,200000,200000,2800000,2800000,3000000,3000000,1000010,1100010,1000000,1000000,10,100010
204,149784000,149884000,1000000,1000000,200000,300000,145584000,145584000,200000,200000,2800000,2800000,3000000,3000000,4200000,4300000,1000000,1000000,200000,300000,0,0,200000,200000,2800000,2800000,3000000,3000000,1000010,1100010,1000000,1000000,10,100010
234,149934000,149984000,1000000,1000000,100000,150000,145584000,145584000,150000,150000,3100000,3100000,3250000,3250000,4350000,4400000,1000000,1000000,100000,150000,0,0,150000,150000,3100000,3100000,3250000,3250000,1000010,1250030,1000000,1000000,10,250030
264,146684000,583536000,1000000,1000000,100000,200000,145584000,582336000,0,0,0,0,0,0,1100000,1200000,1000000,1000000,100000,200000,0,0,0,0,0,0,0,0,1000010,1000000,1000000,1000000,10,0
294,146684000,583536000,1000000,1000000,100000,200000,145584000,582336000,0,0,0,0,0,0,1100000,1200000,1000000,1000000,100000,200000,0,0,0,0,0,0,0,0,1000010,1000000,1000000,1000000,10,0
324,149584000,1168772000,1000000,1000000,100000,200000,145584000,1164672000,100000,100000,2800000,2800000,2900000,2900000,4000000,4100000,1000000,1000000,100000,200000,0,0,100000,100000,2800000,2800000,2900000,2900000,1000010,1000000,1000000,1000000,10,0
25,149984000,150034000,1000000,1000000,150000,200000,145584000,145584000,150000,150000,3100000,3100000,3250000,3250000,4400000,4450000,1000000,1000000,150000,200000,0,0,150000,150000,3100000,3100000,3250000,3250000,1000010,1250030,1000000,1000000,10,250030
55,149984000,150034000,1000000,1000000,150000,200000,145584000,145584000,150000,150000,3100000,3100000,3250000,3250000,4400000,4450000,1000000,1000000,150000,200000,0,0,150000,150000,3100000,3100000,3250000,3250000,1000010,1250030,1000000,1000000,10,250030
85,149784000,149884000,1000000,1000000,200000,300000,145584000,145584000,200000,200000,2800000,2800000,3000000,3000000,4200000,4300000,1000000,1000000,200000,300000,0,0,200000,200000,2800000,2800000,3000000,3000000,1000010,1100010,1000000,1000000,10,100010
115,149784000,149884000,1000000,1000000,200000,300000,145584000,145584000,200000,200000,2800000,2800000,3000000,3000000,4200000,4300000,1000000,1000000,200000,300000,0,0,200000,200000,2800000,2800000,3000000,3000000,1000010,1100010,1000000,1000000,10,100010
145,149984000,150034000,1000000,1000000,150000,200000,145584000,145584000,150000,150000,3100000,3100000,3250000,3250000,4400000,4450000,1000000,1000000,150000,200000,0,0,150000,150000,3100000,3100000,3250000,3250000,1000010,1250030,1000000,1000000,10,250030
175,149784000,149884000,1000000,1000000,200000,300000,145584000,145584000,200000,200000,2800000,2800000,3000000,3000000,4200000,4300000,1000000,1000000,200000,300000,0,0,200000,200000,2800000,2800000,3000000,3000000,1000010,1100010,1000000,1000000,10,100010
205,149784000,149884000,1000000,1000000,200000,300000,145584000,145584000,200000,200000,2800000,2800000,3000000,3000000,4200000,4300000,1000000,1000000,200000,300000,0,0,200000,200000,2800000,2800000,3000000,3000000,1000010,1100010,1000000,1000000,10,100010
235,149934000,149984000,1000000,1000000,100000,150000,145584000,145584000,150000,150000,3100000,3100000,3250000,3250000,4350000,4400000,1000000,1000000,100000,150000,0,0,150000,150000,3100000,3100000,3250000,3250000,1000010,1250030,1000000,1000000,10,250030
265,146684000,583536000,1000000,1000000,100000,200000,145584000,582336000,0,0,0,0,0,0,1100000,1200000,1000000,1000000,100000,200000,0,0,0,0,0,0,0,0,1000010,1000000,1000000,1000000,10,0
295,146684000,583536000,1000000,1000000,100000,200000,145584000,582336000,0,0,0,0,0,0,1100000,1200000,1000000,1000000,100000,200000,0,0,0,0,0,0,0,0,1000010,1000000,1000000,1000000,10,0
325,149784000,1168972000,1000000,1000000,200000,300000,145584000,1164672000,200000,200000,2800000,2800000,3000000,3000000,4200000,4300000,1000000,1000000,200000,300000,0,0,200000,200000,2800000,2800000,3000000,3000000,1000010,1000000,1000000,1000000,10,0
26,149784000,149884000,1000000,1000000,200000,300000,145584000,145584000,200000,200000,2800000,2800000,3000000,3000000,4200000,4300000,1000000,1000000,200000,300000,0,0,200000,200000,2800000,2800000,3000000,3000000,1000010,1100010,1000000,1000000,10,100010
56,149984000,150034000,1000000,1000000,150000,200000,145584000,145584000,150000,150000,3100000,3100000,3250000,3250000,4400000,4450000,1000000,1000000,150000,200000,0,0,150000,150000,3100000,3100000,3250000,3250000,1000010,1250030,1000000,1000000,10,250030
86,149784000,149884000,1000000,1000000,200000,300000,145584000,145584000,200000,200000,2800000,2800000,3000000,3000000,4200000,4300000,1000000,1000000,200000,300000,0,0,200000,200000,2800000,2800000,3000000,3000000,1000010,1100010,1000000,1000000,10,100010
116,149784000,149884000,1000000,1000000,200000,300000,145584000,145584000,200000,200000,2800000,2800000,3000000,3000000,4200000,4300000,1000000,1000000,200000,300000,0,0,200000,200000,2800000,2800000,3000000,3000000,1000010,1100010,1000000,1000000,10,100010
146,149984000,150034000,1000000,1000000,150000,200000,145584000,145584000,150000,150000,3100000,3100000,3250000,3250000,4400000,4450000,1000000,1000000,150000,200000,0,0,150000,150000,3100000,3100000,3250000,3250000,1000010,1250030,1000000,1000000,10,250030
176,149984000,150034000,1000000,1000000,150000,200000,145584000,145584000,150000,150000,3100000,3100000,3250000,3250000,4400000,4450000,1000000,1000000,150000,200000,0,0,150000,150000,3100000,3100000,3250000,3250000,1000010,1250030,1000000,1000000,10,250030
206,149784000,149884000,1000000,1000000,200000,300000,145584000,145584000,200000,200000,2800000,2800000,3000000,3000000,4200000,4300000,1000000,1000000,200000,300000,0,0,200000,200000,2800000,2800000,3000000,3000000,1000010,1100010,1000000,1000000,10,100010
236,149784000,149884000,1000000,1000000,200000,300000,145584000,145584000,200000,200000,2800000,2800000,3000000,3000000,4200000,4300000,1000000,1000000,200000,300000,0,0,200000,200000,2800000,2800000,3000000,3000000,1000010,1100010,1000000,1000000,10,100010
266,149834000,1169122000,1000000,1000000,0,200000,145584000,1164672000,150000,150000,3100000,3100000,3250000,3250000,4250000,4450000,1000000,1000000,0,200000,0,0,150000,150000,3100000,3100000,3250000,3250000,1000010,1150020,1000000,1000000,10,150020
296,146684000,583536000,1000000,1000000,100000,200000,145584000,582336000,0,0,0,0,0,0,1100000,1200000,1000000,1000000,100000,200000,0,0,0,0,0,0,0,0,1000010,1000000,1000000,1000000,10,0
326,149784000,1168972000,1000000,1000000,200000,300000,145584000,1164672000,200000,200000,2800000,2800000,3000000,3000000,4200000,4300000,1000000,1000000,200000,300000,0,0,200000,200000,2800000,2800000,3000000,3000000,1000010,1000000,1000000,1000000,10,0
27,149784000,149884000,1000000,1000000,200000,300000,145584000,145584000,200000,200000,2800000,2800000,3000000,3000000,4200000,4300000,1000000,1000000,200000,300000,0,0,200000,200000,2800000,2800000,3000000,3000000,1000010,1100010,1000000,1000000,10,100010
57,149984000,150034000,1000000,1000000,150000,200000,145584000,145584000,150000,150000,3100000,3100000,3250000,3250000,4400000,4450000,1000000,1000000,150000,200000,0,0,150000,150000,3100000,3100000,3250000,3250000,1000010,1250030,1000000,1000000,10,250030
87,149984000,150034000,1000000,1000000,150000,200000,145584000,145584000,150000,150000,3100000,3100000,3250000,3250000,4400000,4450000,1000000,1000000,150000,200000,0,0,150000,150000,3100000,3100000,3250000,3250000,1000010,1250030,1000000,1000000,10,250030
117,149784000,149884000,1000000,1000000,200000,300000,145584000,145584000,200000,200000,2800000,2800000,3000000,3000000,4200000,4300000,1000000,1000000,200000,300000,0,0,200000,200000,2800000,2800000,3000000,3000000,1000010,1100010,1000000,1000000,10,100010
147,149784000,149884000,1000000,1000000,200000,300000,145584000,145584000,200000,200000,2800000,2800000,3000000,3000000,4200000,4300000,1000000,1000000,200000,300000,0,0,200000,200000,2800000,2800000,3000000,3000000,1000010,1100010,1000000,1000000,10,100010
177,149984000,150034000,1000000,1000000,150000,200000,145584000,145584000,150000,150000,3100000,3100000,3250000,3250000,4400000,4450000,1000000,1000000,150000,200000,0,0,150000,150000,3100000,3100000,3250000,3250000,1000010,1250030,1000000,1000000,10,250030
207,149784000,149884000,1000000,1000000,200000,300000,145584000,145584000,200000,200000,2800000,2800000,3000000,3000000,4200000,4300000,1000000,1000000,200000,300000,0,0,200000,200000,2800000,2800000,3000000,3000000,1000010,1100010,1000000,1000000,10,100010
237,149784000,149884000,1000000,1000000,200000,300000,145584000,145584000,200000,200000,2800000,2800000,3000000,3000000,4200000,4300000,1000000,1000000,200000,300000,0,0,200000,200000,2800000,2800000,3000000,3000000,1000010,1100010,1000000,1000000,10,100010
267,149984000,1169222000,1000000,1000000,150000,300000,145584000,1164672000,150000,150000,3100000,3100000,3250000,3250000,4400000,4550000,1000000,1000000,150000,300000,0,0,150000,150000,3100000,3100000,3250000,3250000,1000010,1150020,1000000,1000000,10,150020
297,146684000,583536000,1000000,1000000,100000,200000,145584000,582336000,0,0,0,0,0,0,1100000,1200000,1000000,1000000,100000,200000,0,0,0,0,0,0,0,0,1000010,1000000,1000000,1000000,10,0
327,149784000,1168972000,1000000,1000000,200000,300000,145584000,1164672000,200000,200000,2800000,2800000,3000000,3000000,4200000,4300000,1000000,1000000,200000,300000,0,0,200000,200000,2800000,2800000,3000000,3000000,1000010,1000000,1000000,1000000,10,0
28,149784000,149884000,1000000,1000000,200000,300000,145584000,145584000,200000,200000,2800000,2800000,3000000,3000000,4200000,4300000,1000000,1000000,200000,300000,0,0,200000,200000,2800000,2800000,3000000,3000000,1000010,1100010,1000000,1000000,10,100010
58,149784000,149884000,1000000,1000000,200000,300000,145584000,145584000,200000,200000,2800000,2800000,3000000,3000000,4200000,4300000,1000000,1000000,200000,300000,0,0,200000,200000,2800000,2800000,3000000,3000000,1000010,1100010,1000000,1000000,10,100010
88,149984000,150034000,1000000,1000000,150000,200000,145584000,145584000,150000,150000,3100000,3100000,3250000,3250000,4400000,4450000,1000000,1000000,150000,200000,0,0,150000,150000,3100000,3100000,3250000,3250000,1000010,1250030,1000000,1000000,10,250030
118,149784000,149884000,1000000,1000000,200000,300000,145584000,145584000,200000,200000,2800000,2800000,3000000,3000000,4200000,4300000,1000000,1000000,200000,300000,0,0,200000,200000,2800000,2800000,3000000,3000000,1000010,1100010,1000000,1000000,10,100010
148,149784000,149884000,1000000,1000000,200000,300000,145584000,145584000,200000,200000,2800000,2800000,3000000,3000000,4200000,4300000,1000000,1000000,200000,300000,0,0,200000,200000,2800000,2800000,3000000,3000000,1000010,1100010,1000000,1000000,10,100010
178,149984000,150034000,1000000,1000000,150000,200000,145584000,145584000,150000,150000,3100000,3100000,3250000,3250000,4400000,4450000,1000000,1000000,150000,200000,0,0,150000,150000,3100000,3100000,3250000,3250000,1000010,1250030,1000000,1000000,10,250030
208,149984000,150034000,1000000,1000000,150000,200000,145584000,145584000,150000,150000,3100000,3100000,3250000,3250000,4400000,4450000,1000000,1000000,150000,200000,0,0,150000,150000,3100000,3100000,3250000,3250000,1000010,1250030,1000000,1000000,10,250030
238,149784000,149884000,1000000,1000000,200000,300000,145584000,145584000,200000,200000,2800000,2800000,3000000,3000000,4200000,4300000,1000000,1000000,200000,300000,0,0,200000,200000,2800000,2800000,3000000,3000000,1000010,1100010,1000000,1000000,10,100010
268,149984000,1169222000,1000000,1000000,150000,300000,145584000,1164672000,150000,150000,3100000,3100000,3250000,3250000,4400000,4550000,1000000,1000000,150000,300000,0,0,150000,150000,3100000,3100000,3250000,3250000,1000010,1150020,1000000,1000000,10,150020
298,149834000,1169122000,1000000,1000000,0,200000,145584000,1164672000,150000,150000,3100000,3100000,3250000,3250000,4250000,4450000,1000000,1000000,0,200000,0,0,150000,150000,3100000,3100000,3250000,3250000,1000010,1150020,1000000,1000000,10,150020
328,149784000,1168972000,1000000,1000000,200000,300000,145584000,1164672000,200000,200000,2800000,2800000,3000000,3000000,4200000,4300000,1000000,1000000,200000,300000,0,0,200000,200000,2800000,2800000,3000000,3000000,1000010,1000000,1000000,1000000,10,0
29,149784000,149884000,1000000,1000000,200000,300000,145584000,145584000,200000,200000,2800000,2800000,3000000,3000000,4200000,4300000,1000000,1000000,200000,300000,0,0,200000,200000,2800000,2800000,3000000,3000000,1000010,1100010,1000000,1000000,10,100010
59,149784000,149884000,1000000,1000000,200000,300000,145584000,145584000,200000,200000,2800000,2800000,3000000,3000000,4200000,4300000,1000000,1000000,200000,300000,0,0,200000,200000,2800000,2800000,3000000,3000000,1000010,1100010,1000000,1000000,10,100010
89,149984000,150034000,1000000,1000000,150000,200000,145584000,145584000,150000,150000,3100000,3100000,3250000,3250000,4400000,4450000,1000000,1000000,150000,200000,0,0,150000,150000,3100000,3100000,3250000,3250000,1000010,1250030,1000000,1000000,10,250030
119,149984000,150034000,1000000,1000000,150000,200000,145584000,145584000,150000,150000,3100000,3100000,3250000,3250000,4400000,4450000,1000000,1000000,150000,200000,0,0,150000,150000,3100000,3100000,3250000,3250000,1000010,1250030,1000000,1000000,10,250030
149,149784000,149884000,1000000,1000000,200000,300000,145584000,145584000,200000,200000,2800000,2800000,3000000,3000000,4200000,4300000,1000000,1000000,200000,300000,0,0,200000,200000,2800000,2800000,3000000,3000000,1000010,1100010,1000000,1000000,10,100010
179,149784000,149884000,1000000,1000000,200000,300000,145584000,145584000,200000,200000,2800000,2800000,3000000,3000000,4200000,4300000,1000000,1000000,200000,300000,0,0,200000,200000,2800000,2800000,3000000,3000000,1000010,1100010,1000000,1000000,10,100010
209,149984000,150034000,1000000,1000000,150000,200000,145584000,145584000,150000,150000,3100000,3100000,3250000,3250000,4400000,4450000,1000000,1000000,150000,200000,0,0,150000,150000,3100000,3100000,3250000,3250000,1000010,1250030,1000000,1000000,10,250030
239,149784000,149884000,1000000,1000000,200000,300000,145584000,145584000,200000,200000,2800000,2800000,3000000,3000000,4200000,4300000,1000000,1000000,200000,300000,0,0,200000,200000,2800000,2800000,3000000,3000000,1000010,1100010,1000000,1000000,10,100010
269,149984000,1169222000,1000000,1000000,150000,300000,145584000,1164672000,150000,150000,3100000,3100000,3250000,3250000,4400000,4550000,1000000,1000000,150000,300000,0,0,150000,150000,3100000,3100000,3250000,3250000,1000010,1150020,1000000,1000000,10,150020
299,149984000,1169222000,1000000,1000000,150000,300000,145584000,1164672000,150000,150000,3100000,3100000,3250000,3250000,4400000,4550000,1000000,1000000,150000,300000,0,0,150000,150000,3100000,3100000,3250000,3250000,1000010,1150020,1000000,1000000,10,150020
329,149784000,1168972000,1000000,1000000,200000,300000,145584000,1164672000,200000,200000,2800000,2800000,3000000,3000000,4200000,4300000,1000000,1000000,200000,300000,0,0,200000,200000,2800000,2800000,3000000,3000000,1000010,1000000,1000000,1000000,10,0
30,149984000,150034000,1000000,1000000,150000,200000,145584000,145584000,150000,150000,3100000,3100000,3250000,3250000,4400000,4450000,1000000,1000000,150000,200000,0,0,150000,150000,3100000,3100000,3250000,3250000,1000010,1250030,1000000,1000000,10,250030
60,149784000,149884000,1000000,1000000,200000,300000,145584000,145584000,200000,200000,2800000,2800000,3000000,3000000,4200000,4300000,1000000,1000000,200000,300000,0,0,200000,200000,2800000,2800000,3000000,3000000,1000010,1100010,1000000,1000000,10,100010
90,149784000,149884000,1000000,1000000,200000,300000,145584000,145584000,200000,200000,2800000,2800000,3000000,3000000,4200000,4300000,1000000,1000000,200000,300000,0,0,200000,200000,2800000,2800000,3000000,3000000,1000010,1100010,1000000,1000000,10,100010
120,149984000,150034000,1000000,1000000,150000,200000,145584000,145584000,150000,150000,3100000,3100000,3250000,3250000,4400000,4450000,1000000,1000000,150000,200000,0,0,150000,150000,3100000,3100000,3250000,3250000,1000010,1250030,1000000,1000000,10,250030
150,149784000,149884000,1000000,1000000,200000,300000,145584000,145584000,200000,200000,2800000,2800000,3000000,3000000,4200000,4300000,1000000,1000000,200000,300000,0,0,200000,200000,2800000,2800000,3000000,3000000,1000010,1100010,1000000,1000000,10,100010
180,149784000,149884000,1000000,1000000,200000,300000,145584000,145584000,200000,200000,2800000,2800000,3000000,3000000,4200000,4300000,1000000,1000000,200000,300000,0,0,200000,200000,2800000,2800000,3000000,3000000,1000010,1100010,1000000,1000000,10,100010
210,149984000,150034000,1000000,1000000,150000,200000,145584000,145584000,150000,150000,3100000,3100000,3250000,3250000,4400000,4450000,1000000,1000000,150000,200000,0,0,150000,150000,3100000,3100000,3250000,3250000,1000010,1250030,1000000,1000000,10,250030
240,149984000,150034000,1000000,1000000,150000,200000,145584000,145584000,150000,150000,3100000,3100000,3250000,3250000,4400000,4450000,1000000,1000000,150000,200000,0,0,150000,150000,3100000,3100000,3250000,3250000,1000010,1250030,1000000,1000000,10,250030
270,146684000,583536000,1000000,1000000,100000,200000,145584000,582336000,0,0,0,0,0,0,1100000,1200000,1000000,1000000,100000,200000,0,0,0,0,0,0,0,0,1000010,1000000,1000000,1000000,10,0
300,149984000,1169222000,1000000,1000000,150000,300000,145584000,1164672000,150000,150000,3100000,3100000,3250000,3250000,4400000,4550000,1000000,1000000,150000,300000,0,0,150000,150000,3100000,3100000,3250000,3250000,1000010,1150020,1000000,1000000,10,150020
330,149784000,1168972000,1000000,1000000,200000,300000,145584000,1164672000,200000,200000,2800000,2800000,3000000,3000000,4200000,4300000,1000000,1000000,200000,300000,0,0,200000,200000,2800000,2800000,3000000,3000000,1000010,1000000,1000000,1000000,10,0
